Route State,Shipments,Sales,Units,Gross_Profit,Cost,Avg_Lead_Time,Profit_Margin_%,Cost_Per_Shipment,Sales_Per_Shipment
Lot's O' Nuts → Alabama,34,475.61,133,326.91,148.7,1295.2058823529412,68.73488782826266,4.373529411764705,13.988529411764706
Lot's O' Nuts → Alberta,16,204.32,57,141.42000000000002,62.900000000000006,1273.875,69.21495693030542,3.9312500000000004,12.77
Lot's O' Nuts → Arizona,111,1468.05,411,1013.15,454.9,1306.1981981981983,69.01331698511632,4.098198198198198,13.225675675675676
Lot's O' Nuts → Arkansas,31,434.69,122,299.69,135.0,1285.3548387096773,68.94338494099243,4.354838709677419,14.022258064516128
Lot's O' Nuts → British Columbia,18,253.4,71,173.8,79.6,1273.7777777777778,68.5872138910813,4.422222222222222,14.077777777777778
Lot's O' Nuts → California,1125,15044.9,4221,10401.0,4643.9,1316.9102222222223,69.1330617019721,4.127911111111111,13.373244444444444
Lot's O' Nuts → Colorado,103,1447.66,405,999.0600000000001,448.6,1347.5339805825242,69.01206084301562,4.355339805825243,14.05495145631068
Lot's O' Nuts → Connecticut,47,523.59,147,362.29,161.3,1420.5531914893618,69.19345289253042,3.4319148936170216,11.140212765957447
Lot's O' Nuts → Delaware,43,631.59,177,436.19,195.4,1273.3023255813953,69.0622080780253,4.544186046511628,14.688139534883721
Lot's O' Nuts → District of Columbia,8,126.0,35,85.3,40.7,1365.875,67.6984126984127,5.0875,15.75
Lot's O' Nuts → Florida,209,2640.13,740,1820.73,819.4,1318.6076555023924,68.96364951725862,3.9205741626794257,12.6322009569378
Lot's O' Nuts → Georgia,110,1474.09,415,1027.79,446.3,1329.5636363636363,69.7236939399901,4.057272727272728,13.400818181818181
Lot's O' Nuts → Idaho,14,146.5,41,100.9,45.6,1351.357142857143,68.87372013651878,3.257142857142857,10.464285714285714
Lot's O' Nuts → Illinois,267,3539.21,995,2452.51,1086.7,1319.9325842696628,69.29540773223404,4.070037453183521,13.255468164794008
Lot's O' Nuts → Indiana,90,1253.78,352,869.58,384.2,1366.7888888888888,69.35666544369826,4.268888888888889,13.930888888888889
Lot's O' Nuts → Iowa,16,227.87,64,157.47,70.4,1479.0,69.10519155658929,4.4,14.241875
Lot's O' Nuts → Kansas,15,188.93,53,130.83,58.1,1248.8666666666666,69.24786958132643,3.8733333333333335,12.595333333333334
Lot's O' Nuts → Kentucky,77,1039.13,291,715.73,323.4,1325.4025974025974,68.87781124594612,4.199999999999999,13.495194805194807
Lot's O' Nuts → Louisiana,24,283.71000000000004,80,197.31,86.4,1302.9583333333333,69.54636776990588,3.6,11.821250000000001
Lot's O' Nuts → Maine,6,71.23,20,49.03,22.200000000000003,1213.5,68.83335673171416,3.7000000000000006,11.871666666666668
Lot's O' Nuts → Manitoba,2,18.0,5,12.0,6.0,1454.0,66.66666666666666,3.0,9.0
Lot's O' Nuts → Maryland,60,812.74,229,567.54,245.20000000000002,1370.6666666666667,69.83045008243718,4.086666666666667,13.545666666666667
Lot's O' Nuts → Massachusetts,76,1003.24,281,690.54,312.7,1292.1184210526317,68.83098760017543,4.114473684210526,13.200526315789475
Lot's O' Nuts → Michigan,147,2103.76,590,1450.86,652.9,1303.0068027210884,68.96509107502756,4.441496598639455,14.311292517006803
Lot's O' Nuts → Minnesota,43,561.21,158,388.81,172.4,1350.3953488372092,69.28066142798596,4.0093023255813955,13.051395348837211
Lot's O' Nuts → Mississippi,30,448.43,126,312.33,136.1,1297.6666666666667,69.64966661463328,4.536666666666666,14.947666666666667
Lot's O' Nuts → Missouri,36,514.08,145,359.08,155.0,1364.8333333333333,69.84905073140366,4.305555555555555,14.280000000000001
Lot's O' Nuts → Montana,8,92.61,26,64.01,28.6,1319.25,69.11780585249974,3.575,11.57625
Lot's O' Nuts → Nebraska,23,295.28000000000003,83,205.38,89.9,1336.1304347826087,69.55432132213491,3.9086956521739133,12.838260869565218
Lot's O' Nuts → Nevada,24,389.21000000000004,109,268.11,121.1,1243.25,68.88569152899463,5.045833333333333,16.217083333333335
Lot's O' Nuts → New Brunswick,4,97.72,28,69.72,28.0,1273.25,71.34670487106017,7.0,24.43
Lot's O' Nuts → New Hampshire,13,178.02,50,123.02,55.0,1272.4615384615386,69.10459498932704,4.230769230769231,13.693846153846154
Lot's O' Nuts → New Jersey,65,825.88,231,567.98,257.9,1335.6615384615384,68.77270305613406,3.967692307692307,12.705846153846153
Lot's O' Nuts → New Mexico,18,260.71,73,179.41,81.3,1456.9444444444443,68.81592574124507,4.516666666666667,14.483888888888888
Lot's O' Nuts → New York,645,8757.81,2455,6055.01,2702.8,1330.5162790697675,69.13840332229177,4.1903875968992255,13.578
Lot's O' Nuts → Newfoundland and Labrador,6,162.0,45,112.5,49.5,1216.1666666666667,69.44444444444444,8.25,27.0
Lot's O' Nuts → North Carolina,143,2045.6100000000001,574,1417.01,628.6,1314.1958041958042,69.27077986517467,4.395804195804196,14.304965034965036
Lot's O' Nuts → North Dakota,5,57.160000000000004,16,39.66,17.5,1638.2,69.38418474457661,3.5,11.432
Lot's O' Nuts → Ohio,262,3472.7400000000002,974,2400.24,1072.5,1334.1145038167938,69.1166053318129,4.093511450381679,13.254732824427482
Lot's O' Nuts → Oklahoma,41,569.4,160,395.0,174.4,1282.6829268292684,69.371268001405,4.253658536585366,13.88780487804878
Lot's O' Nuts → Ontario,28,348.32,97,239.22,109.1,1246.2857142857142,68.67822691777677,3.8964285714285714,12.44
Lot's O' Nuts → Oregon,77,1085.9,305,751.6,334.3,1245.1948051948052,69.21447647112994,4.341558441558441,14.102597402597404
Lot's O' Nuts → Pennsylvania,331,4338.55,1216,2993.65,1344.9,1315.0634441087614,69.0011639833585,4.0631419939577045,13.107401812688822
Lot's O' Nuts → Prince Edward Island,6,78.1,22,54.9,23.2,1395.8333333333333,70.29449423815622,3.8666666666666667,13.016666666666666
Lot's O' Nuts → Quebec,24,242.93,68,165.83,77.1,1334.125,68.26246243773927,3.2125,10.122083333333334
Lot's O' Nuts → Rhode Island,30,353.76,99,242.86,110.9,1296.9,68.65106286748079,3.6966666666666668,11.792
Lot's O' Nuts → South Carolina,21,281.32,79,194.92000000000002,86.4,1290.2857142857142,69.28764396416892,4.114285714285715,13.396190476190476
Lot's O' Nuts → South Dakota,9,117.59,33,82.09,35.5,1477.2222222222222,69.81035802364147,3.9444444444444446,13.065555555555555
Lot's O' Nuts → Tennessee,109,1361.56,382,941.76,419.8,1390.9633027522937,69.16771938071037,3.851376146788991,12.49137614678899
Lot's O' Nuts → Texas,569,7642.34,2142,5278.34,2364.0,1310.4604569420035,69.06706584632457,4.154657293497364,13.431177504393673
Lot's O' Nuts → Utah,29,393.91,110,270.11,123.8,1236.0,68.57150110431317,4.268965517241379,13.583103448275862
Lot's O' Nuts → Vermont,5,103.19,29,72.39,30.8,1492.4,70.15214652582615,6.16,20.637999999999998
Lot's O' Nuts → Virginia,109,1538.84,431,1059.24,479.6,1229.48623853211,68.8336669179382,4.4,14.117798165137614
Lot's O' Nuts → Washington,269,3492.91,980,2415.91,1077.0,1343.9628252788104,69.16611077869169,4.003717472118959,12.984795539033456
Lot's O' Nuts → West Virginia,2,38.72,11,27.42,11.3,1637.0,70.81611570247934,5.65,19.36
Lot's O' Nuts → Wisconsin,58,768.25,216,531.95,236.3,1367.6379310344828,69.24178327367395,4.074137931034483,13.245689655172415
Lot's O' Nuts → Wyoming,1,13.96,4,9.96,4.0,1274.0,71.34670487106017,4.0,13.96
Secret Factory → Alabama,3,150.0,15,75.2,74.8,1272.3333333333333,50.13333333333333,24.933333333333334,50.0
Secret Factory → Alberta,2,180.0,9,90.0,90.0,1274.5,50.0,45.0,90.0
Secret Factory → Arizona,5,640.0,32,320.0,320.0,1127.4,50.0,64.0,128.0
Secret Factory → Arkansas,2,63.75,6,31.95,31.8,1456.5,50.117647058823536,15.9,31.875
Secret Factory → California,31,1238.75,106,620.55,618.2,1308.2903225806451,50.09485368314833,19.94193548387097,39.95967741935484
Secret Factory → Colorado,7,171.25,20,103.85,67.4,1376.5714285714287,60.64233576642335,9.62857142857143,24.464285714285715
Secret Factory → Connecticut,1,2.5,2,1.3,1.2,1638.0,52.0,1.2,2.5
Secret Factory → Delaware,1,60.0,3,30.0,30.0,909.0,50.0,30.0,60.0
Secret Factory → Florida,7,78.75,35,52.15,26.6,1482.142857142857,66.22222222222221,3.8000000000000003,11.25
Secret Factory → Georgia,7,317.5,29,159.1,158.4,1377.857142857143,50.11023622047244,22.62857142857143,45.357142857142854
Secret Factory → Illinois,13,546.25,47,273.65,272.6,1328.6923076923076,50.096109839816926,20.96923076923077,42.01923076923077
Secret Factory → Indiana,4,21.25,17,11.05,10.2,1456.25,52.0,2.55,5.3125
Secret Factory → Kentucky,2,46.25,7,23.25,23.0,1637.5,50.27027027027027,11.5,23.125
Secret Factory → Louisiana,2,11.25,9,5.85,5.4,908.5,52.0,2.7,5.625
Secret Factory → Maryland,3,8.75,7,4.55,4.2,1517.6666666666667,52.0,1.4000000000000001,2.9166666666666665
Secret Factory → Massachusetts,2,100.0,5,50.0,50.0,1455.0,50.0,25.0,50.0
Secret Factory → Michigan,5,82.5,21,41.7,40.8,1346.2,50.54545454545455,8.16,16.5
Secret Factory → Minnesota,1,5.0,4,2.6,2.4,909.0,52.0,2.4,5.0
Secret Factory → Mississippi,1,80.0,4,40.0,40.0,908.0,50.0,40.0,80.0
Secret Factory → Nebraska,1,2.5,2,1.3,1.2,906.0,52.0,1.2,2.5
Secret Factory → Nevada,2,202.5,12,101.3,101.2,1091.0,50.02469135802469,50.6,101.25
Secret Factory → New Hampshire,1,6.25,5,3.25,3.0,1641.0,52.0,3.0,6.25
Secret Factory → New Jersey,2,6.25,5,3.25,3.0,1274.5,52.0,1.5,3.125
Secret Factory → New Mexico,2,12.5,10,6.5,6.0,906.0,52.0,3.0,6.25
Secret Factory → New York,24,1026.25,101,514.45,511.8,1379.625,50.12911084043849,21.325,42.760416666666664
Secret Factory → North Carolina,4,20.0,16,10.4,9.6,1548.0,52.0,2.4,5.0
Secret Factory → Ohio,13,768.75,60,384.95,383.8,1301.2307692307693,50.074796747967476,29.523076923076925,59.13461538461539
Secret Factory → Oregon,2,180.0,9,90.0,90.0,1271.5,50.0,45.0,90.0
Secret Factory → Pennsylvania,19,762.5,100,382.9,379.6,1311.3684210526317,50.21639344262295,19.978947368421053,40.13157894736842
Secret Factory → Quebec,2,100.0,5,50.0,50.0,1273.5,50.0,25.0,50.0
Secret Factory → Rhode Island,3,142.5,9,71.3,71.2,1394.3333333333333,50.03508771929825,23.733333333333334,47.5
Secret Factory → South Carolina,1,6.25,5,3.25,3.0,909.0,52.0,3.0,6.25
Secret Factory → Tennessee,3,62.5,20,31.7,30.8,1395.3333333333333,50.72,10.266666666666667,20.833333333333332
Secret Factory → Texas,16,517.5,63,268.7,248.8,1227.0625,51.92270531400966,15.55,32.34375
Secret Factory → Utah,1,100.0,5,50.0,50.0,1275.0,50.0,50.0,100.0
Secret Factory → Vermont,1,7.5,6,3.9,3.6,1273.0,52.0,3.6,7.5
Secret Factory → Virginia,5,93.75,15,47.15,46.6,1053.4,50.29333333333334,9.32,18.75
Secret Factory → Washington,11,351.25,26,175.85,175.4,1472.3636363636363,50.064056939501775,15.945454545454545,31.931818181818183
Secret Factory → Wisconsin,5,415.0,32,207.8,207.2,1346.4,50.0722891566265,41.44,83.0
Sugar Shack → Arizona,1,11.25,3,6.75,4.5,1274.0,60.0,4.5,11.25
Sugar Shack → California,1,6.0,4,2.8,3.2,1638.0,46.666666666666664,3.2,6.0
Sugar Shack → Connecticut,1,3.98,2,2.48,1.5,1641.0,62.311557788944725,1.5,3.98
Sugar Shack → Delaware,1,4.5,3,2.1,2.4,910.0,46.666666666666664,2.4,4.5
Sugar Shack → Florida,3,36.89,15,22.64,14.25,1031.0,61.37164543236649,4.75,12.296666666666667
Sugar Shack → Illinois,2,12.0,5,6.3,5.7,1089.0,52.5,2.85,6.0
Sugar Shack → Michigan,3,17.740000000000002,7,10.09,7.65,1395.0,56.8771138669673,2.5500000000000003,5.913333333333334
Sugar Shack → New Jersey,1,5.97,3,3.72,2.25,1642.0,62.311557788944725,2.25,5.97
Sugar Shack → New York,9,56.97,31,29.12,27.85,1314.111111111111,51.11462173073548,3.0944444444444446,6.33
Sugar Shack → Ohio,2,18.46,11,9.86,8.6,1637.5,53.412784398699884,4.3,9.23
Sugar Shack → Pennsylvania,3,24.23,8,14.43,9.8,1396.3333333333333,59.554271564176645,3.266666666666667,8.076666666666666
Sugar Shack → Rhode Island,1,4.5,3,2.1,2.4,1273.0,46.666666666666664,2.4,4.5
Sugar Shack → Tennessee,1,1.5,1,0.6,0.9,1272.0,40.0,0.9,1.5
Sugar Shack → Texas,3,15.0,10,7.0,8.0,1395.3333333333333,46.666666666666664,2.6666666666666665,5.0
Sugar Shack → Washington,1,1.99,1,1.24,0.75,1638.0,62.311557788944725,0.75,1.99
The Other Factory → Alabama,2,35.75,11,2.75,33.0,1457.0,7.6923076923076925,16.5,17.875
The Other Factory → Arizona,2,38.75,10,18.75,20.0,1271.5,48.38709677419355,10.0,19.375
The Other Factory → California,21,233.75,70,33.75,200.0,1325.0,14.43850267379679,9.523809523809524,11.130952380952381
The Other Factory → Colorado,2,19.5,6,1.5,18.0,1273.5,7.6923076923076925,9.0,9.75
The Other Factory → Connecticut,2,9.75,3,0.75,9.0,907.5,7.6923076923076925,4.5,4.875
The Other Factory → Delaware,2,26.0,8,2.0,24.0,1456.5,7.6923076923076925,12.0,13.0
The Other Factory → Florida,3,39.0,12,3.0,36.0,1029.3333333333333,7.6923076923076925,12.0,13.0
The Other Factory → Georgia,2,39.0,12,3.0,36.0,1456.0,7.6923076923076925,18.0,19.5
The Other Factory → Indiana,1,19.5,6,1.5,18.0,1274.0,7.6923076923076925,18.0,19.5
The Other Factory → Kentucky,2,26.0,8,2.0,24.0,1271.0,7.6923076923076925,12.0,13.0
The Other Factory → Louisiana,1,9.75,3,0.75,9.0,907.0,7.6923076923076925,9.0,9.75
The Other Factory → Maryland,1,3.25,1,0.25,3.0,1274.0,7.6923076923076925,3.0,3.25
The Other Factory → Massachusetts,3,32.5,10,2.5,30.0,1150.6666666666667,7.6923076923076925,10.0,10.833333333333334
The Other Factory → Missouri,1,6.5,2,0.5,6.0,1275.0,7.6923076923076925,6.0,6.5
The Other Factory → Nevada,1,16.25,5,1.25,15.0,1638.0,7.6923076923076925,15.0,16.25
The Other Factory → New Hampshire,2,35.75,11,2.75,33.0,1088.5,7.6923076923076925,16.5,17.875
The Other Factory → New Jersey,3,68.25,21,5.25,63.0,1395.3333333333333,7.6923076923076925,21.0,22.75
The Other Factory → New York,14,181.75,54,29.75,152.0,1351.9285714285713,16.368638239339752,10.857142857142858,12.982142857142858
The Other Factory → North Carolina,1,9.0,2,7.0,2.0,1635.0,77.77777777777779,2.0,9.0
The Other Factory → Ohio,3,29.25,9,2.25,27.0,1272.0,7.6923076923076925,9.0,9.75
The Other Factory → Oregon,2,26.0,8,2.0,24.0,1089.0,7.6923076923076925,12.0,13.0
The Other Factory → Pennsylvania,7,97.5,30,7.5,90.0,1273.0,7.6923076923076925,12.857142857142858,13.928571428571429
The Other Factory → Rhode Island,1,22.75,7,1.75,21.0,1273.0,7.6923076923076925,21.0,22.75
The Other Factory → South Carolina,1,6.5,2,0.5,6.0,1273.0,7.6923076923076925,6.0,6.5
The Other Factory → Tennessee,3,42.25,13,3.25,39.0,1395.6666666666667,7.6923076923076925,13.0,14.083333333333334
The Other Factory → Texas,9,100.75,31,7.75,93.0,1191.5555555555557,7.6923076923076925,10.333333333333334,11.194444444444445
The Other Factory → Virginia,4,55.25,17,4.25,51.0,1180.5,7.6923076923076925,12.75,13.8125
The Other Factory → Washington,4,52.0,16,4.0,48.0,1275.0,7.6923076923076925,12.0,13.0
Wicked Choccy's → Alabama,22,333.75,97,217.25,116.5,1272.7272727272727,65.09363295880149,5.295454545454546,15.170454545454545
Wicked Choccy's → Alberta,8,146.0,44,94.88,51.12,1274.375,64.98630136986301,6.39,18.25
Wicked Choccy's → Arizona,105,1429.5,406,931.46,498.04,1322.1142857142856,65.15984610003498,4.7432380952380955,13.614285714285714
Wicked Choccy's → Arkansas,27,393.5,112,256.38,137.12,1273.5185185185185,65.15374841168996,5.078518518518519,14.574074074074074
Wicked Choccy's → British Columbia,4,37.5,10,24.5,13.0,1364.75,65.33333333333333,3.25,9.375
Wicked Choccy's → California,823,11394.0,3266,7421.32,3972.68,1320.3268529769136,65.13357907670704,4.827071688942891,13.844471445929527
Wicked Choccy's → Colorado,70,906.5,262,590.22,316.28,1319.8428571428572,65.10976282404854,4.518285714285714,12.95
Wicked Choccy's → Connecticut,31,440.75,127,287.01,153.74,1272.8709677419354,65.11854792966534,4.959354838709678,14.21774193548387
Wicked Choccy's → Delaware,49,601.5,176,391.42,210.07999999999998,1273.7142857142858,65.0739817123857,4.28734693877551,12.275510204081632
Wicked Choccy's → District of Columbia,2,16.25,5,10.55,5.699999999999999,1275.0,64.92307692307693,2.8499999999999996,8.125
Wicked Choccy's → Florida,161,2009.25,577,1308.59,700.66,1305.0931677018634,65.12828169715067,4.351925465838509,12.479813664596273
Wicked Choccy's → Georgia,65,862.25,249,561.43,300.82,1346.1538461538462,65.11220643664831,4.628,13.265384615384615
Wicked Choccy's → Idaho,7,78.75,23,51.25,27.5,1325.0,65.07936507936508,3.9285714285714284,11.25
Wicked Choccy's → Illinois,210,2801.5,798,1825.22,976.28,1329.1285714285714,65.15152596823131,4.648952380952381,13.34047619047619
Wicked Choccy's → Indiana,54,708.25,203,461.31,246.94,1402.462962962963,65.1337804447582,4.572962962962963,13.11574074074074
Wicked Choccy's → Iowa,14,172.5,48,112.5,60.0,1403.7857142857142,65.21739130434783,4.285714285714286,12.321428571428571
Wicked Choccy's → Kansas,9,74.25,21,48.39,25.86,1314.0,65.17171717171718,2.873333333333333,8.25
Wicked Choccy's → Kentucky,58,769.25,217,501.39,267.86,1323.8103448275863,65.17907052323692,4.618275862068966,13.262931034482758
Wicked Choccy's → Louisiana,15,220.5,64,143.54,76.96,1272.2666666666667,65.09750566893425,5.1306666666666665,14.7
Wicked Choccy's → Maine,2,55.25,15,36.07,19.18,908.0,65.28506787330318,9.59,27.625
Wicked Choccy's → Manitoba,10,120.25,35,78.27,41.98,1455.6,65.08939708939708,4.1979999999999995,12.025
Wicked Choccy's → Maryland,41,652.25,183,425.23,227.01999999999998,1326.7073170731708,65.19432732847835,5.5370731707317065,15.908536585365853
Wicked Choccy's → Massachusetts,54,671.25,195,436.95,234.3,1334.4444444444443,65.09497206703911,4.3388888888888895,12.430555555555555
Wicked Choccy's → Michigan,100,1127.0,328,733.56,393.44,1291.85,65.08961845607809,3.9344,11.27
Wicked Choccy's → Minnesota,45,595.25,169,387.87,207.38,1330.6888888888889,65.16085678286434,4.608444444444444,13.227777777777778
Wicked Choccy's → Mississippi,22,315.75,91,205.61,110.14,1240.4545454545455,65.11797307996834,5.006363636363637,14.352272727272727
Wicked Choccy's → Missouri,29,362.25,105,235.82999999999998,126.42,1311.103448275862,65.10144927536231,4.359310344827586,12.491379310344827
Wicked Choccy's → Montana,7,109.5,30,71.46,38.04,1221.857142857143,65.26027397260273,5.434285714285714,15.642857142857142
Wicked Choccy's → Nebraska,14,185.75,51,121.21,64.53999999999999,1299.2857142857142,65.25437415881561,4.609999999999999,13.267857142857142
Wicked Choccy's → Nevada,12,151.5,42,98.82,52.68,1182.25,65.22772277227722,4.39,12.625
Wicked Choccy's → New Brunswick,4,75.0,20,49.0,26.0,1273.25,65.33333333333333,6.5,18.75
Wicked Choccy's → New Hampshire,11,208.25,61,135.51,72.74,1340.090909090909,65.07082833133254,6.612727272727272,18.931818181818183
Wicked Choccy's → New Jersey,59,672.0,194,437.56,234.44,1335.3898305084747,65.11309523809524,3.973559322033898,11.389830508474576
Wicked Choccy's → New Mexico,17,229.5,68,149.26,80.24,1488.8823529411766,65.03703703703704,4.72,13.5
Wicked Choccy's → New York,436,5518.25,1583,3594.11,1924.1399999999999,1311.883027522936,65.13133692746796,4.413165137614679,12.656536697247706
Wicked Choccy's → North Carolina,101,1376.25,391,896.75,479.5,1352.7623762376238,65.1589464123524,4.747524752475248,13.626237623762377
Wicked Choccy's → North Dakota,2,52.5,14,34.3,18.2,1637.0,65.33333333333333,9.1,26.25
Wicked Choccy's → Nova Scotia,6,87.5,26,56.900000000000006,30.6,1272.6666666666667,65.02857142857144,5.1000000000000005,14.583333333333334
Wicked Choccy's → Ohio,189,2479.75,705,1615.73,864.02,1313.3544973544974,65.15697146889808,4.571534391534391,13.12037037037037
Wicked Choccy's → Oklahoma,25,308.25,87,200.91,107.34,1332.0,65.17761557177616,4.2936000000000005,12.33
Wicked Choccy's → Ontario,30,466.25,137,303.35,162.9,1248.5666666666666,65.06166219839142,5.430000000000001,15.541666666666666
Wicked Choccy's → Oregon,43,628.25,177,409.51,218.74,1316.1627906976744,65.18265021886191,5.086976744186047,14.61046511627907
Wicked Choccy's → Pennsylvania,227,2804.25,799,1826.99,977.26,1339.2202643171806,65.15075332085227,4.30511013215859,12.353524229074889
Wicked Choccy's → Prince Edward Island,4,52.0,16,33.76,18.24,1457.0,64.92307692307692,4.56,13.0
Wicked Choccy's → Quebec,24,254.75,77,165.53,89.22,1243.5833333333333,64.97742885181552,3.7175,10.614583333333334
Wicked Choccy's → Rhode Island,21,282.25,81,183.83,98.42,1359.6666666666667,65.1302037201063,4.6866666666666665,13.44047619047619
Wicked Choccy's → Saskatchewan,2,29.25,9,18.99,10.26,1457.0,64.92307692307692,5.13,14.625
Wicked Choccy's → South Carolina,19,307.0,86,200.16,106.84,1234.2105263157894,65.19869706840392,5.623157894736842,16.157894736842106
Wicked Choccy's → South Dakota,3,33.75,9,22.05,11.7,1152.0,65.33333333333333,3.9,11.25
Wicked Choccy's → Tennessee,67,915.75,265,596.21,319.54,1393.7611940298507,65.1061971061971,4.769253731343284,13.667910447761194
Wicked Choccy's → Texas,388,5140.5,1478,3347.74,1792.76,1315.6082474226805,65.12479330804396,4.620515463917526,13.248711340206185
Wicked Choccy's → Utah,23,362.5,104,236.1,126.4,1273.4782608695652,65.13103448275862,5.495652173913044,15.76086956521739
Wicked Choccy's → Vermont,5,51.75,15,33.69,18.06,1418.6,65.10144927536231,3.6119999999999997,10.35
Wicked Choccy's → Virginia,106,1490.0,430,970.2,519.8,1238.877358490566,65.11409395973155,4.90377358490566,14.056603773584905
Wicked Choccy's → Washington,221,3023.0,860,1969.6399999999999,1053.36,1375.7239819004526,65.15514389679127,4.766334841628959,13.678733031674208
Wicked Choccy's → West Virginia,2,25.25,7,16.47,8.78,1639.0,65.22772277227722,4.39,12.625
Wicked Choccy's → Wisconsin,47,737.25,215,479.83,257.42,1312.2340425531916,65.08375720583248,5.477021276595745,15.686170212765957
